RUTA:,EDAD,TAMAÑO BBDD,TIEMPO MAX,ALGORITMO,EJECUCION Nº,RUTA CICLICA,POIS VISITADOS,INTERÉS,DISTANCIA TOTAL,TIEMPO RUTA,MARGEN,NUMERO DE POIS VISITADOS,PORCENTAJE INTERES,TIEMPO EJECUCION ALGORITMO
2,30,158,300,Enfriamiento Simulado,1,True,"[9, 117, 144, 89, 152, 53, 104, 25, 9]",90,2413.05,291.66732283464563,8.332677165354369,8,112.5,32.316460609436035
43,30,158,300,Algoritmo Genetico Estacionario,9,True,"[9, 109, 117, 89, 47, 144, 121, 40, 9]",82,4065.791,287.35683727034115,12.643162729658854,8,102.5,22.324557542800903
14,30,158,300,Algoritmo Memetico,3,True,"[9, 117, 102, 89, 51, 121, 144, 9]",80,5852.255999999999,293.80125984251964,6.1987401574803584,7,114.28571428571428,394.34248971939087
0,30,158,300,Greedy,1,True,"[9, 117, 144, 89, 152, 53, 104, 25, 9]",80,2413.05,267.66732283464563,32.33267716535437,8,100.0,0.1166226863861084
26,30,158,300,GRASP,6,True,"[9, 144, 117, 121, 109, 152, 53, 89, 9]",79,2937.282,267.5470078740157,32.45299212598428,8,98.75,0.136275053024292
