RUTA:,EDAD,TAMAÑO BBDD,TIEMPO MAX,ALGORITMO,EJECUCION Nº,RUTA CICLICA,POIS VISITADOS,INTERÉS,DISTANCIA TOTAL,TIEMPO TOTAL ALGORITMO,MARGEN,NUMERO DE POIS VISITADOS,PORCENTAJE INTERES,TIEMPO EJECUCION ALGORITMO
0,30,158,300,GRASP,1,True,"[10, 128, 53, 89, 144, 9, 152, 10]",66,4360.146999999999,277.8011679790026,22.198832020997372,7,94.28571428571429,0.08980011940002441
1,30,158,300,GRASP,2,True,"[10, 128, 53, 89, 144, 9, 152, 10]",66,4360.146999999999,277.8011679790026,22.198832020997372,7,94.28571428571429,0.07893252372741699
2,30,158,300,GRASP,3,True,"[10, 128, 53, 89, 144, 9, 152, 10]",66,4360.146999999999,277.8011679790026,22.198832020997372,7,94.28571428571429,0.07911992073059082
3,30,158,300,GRASP,4,True,"[10, 128, 53, 89, 144, 9, 152, 10]",66,4360.146999999999,277.8011679790026,22.198832020997372,7,94.28571428571429,0.07735919952392578
4,30,158,300,GRASP,5,True,"[10, 128, 53, 89, 144, 9, 152, 10]",66,4360.146999999999,277.8011679790026,22.198832020997372,7,94.28571428571429,0.07772111892700195
