RUTA:,EDAD,TAMAÑO BBDD,TIEMPO MAX,ALGORITMO,EJECUCION Nº,RUTA CICLICA,POIS VISITADOS,INTERÉS,DISTANCIA TOTAL,TIEMPO RUTA,MARGEN,NUMERO DE POIS VISITADOS,PORCENTAJE INTERES,TIEMPO EJECUCION ALGORITMO
2,30,158,300,Enfriamiento Simulado,1,True,"[9, 117, 144, 89, 152, 53, 104, 25, 9]",90,2413.05,291.66732283464563,8.332677165354369,8,112.5,85.84063696861267
1,30,158,300,GRASP,1,True,"[9, 25, 53, 21, 121, 152, 89, 117, 9]",89,4189.535,302.9807742782153,-2.980774278215278,8,111.25,0.0899302959442138
4,30,158,300,Algoritmo Memetico,1,True,"[9, 117, 152, 109, 122, 121, 25, 89, 9]",87,3914.487,283.37122047244094,16.62877952755906,8,108.75,356.6649491786957
0,30,158,300,Greedy,1,True,"[9, 117, 144, 89, 152, 53, 104, 25, 9]",80,2413.05,267.66732283464563,32.33267716535437,8,100.0,0.1135895252227783
3,30,158,300,Algoritmo Genetico Estacionario,1,True,"[9, 135, 117, 29, 62, 53, 121, 116, 9]",79,4979.871,299.3526377952756,0.6473622047244021,8,98.75,25.77332973480225
