RUTA:,EDAD,TAMAÑO BBDD,TIEMPO MAX,ALGORITMO,EJECUCION Nº,RUTA CICLICA,POIS VISITADOS,INTERÉS,DISTANCIA TOTAL,TIEMPO RUTA,MARGEN,NUMERO DE POIS VISITADOS,PORCENTAJE INTERES,TIEMPO EJECUCION ALGORITMO
67,30,158,300,Enfriamiento Simulado,14,True,"[9, 117, 144, 89, 152, 102, 104, 53, 9]",80,4199.828,288.34590551181105,11.654094488188946,8,100.0,0.2371668815612793
51,30,158,300,GRASP,11,True,"[9, 117, 152, 121, 89, 53, 104, 25, 9]",80,3975.286,279.1691076115485,20.83089238845145,8,100.0,0.0841603279113769
0,30,158,300,Greedy,1,True,"[9, 117, 144, 89, 152, 53, 104, 25, 9]",80,2413.05,267.66732283464563,32.33267716535437,8,100.0,0.1185526847839355
59,30,158,300,Algoritmo Memetico,12,True,"[9, 152, 21, 104, 25, 89, 144, 117, 9]",79,2420.4170000000004,283.7640026246719,16.23599737532811,8,98.75,360.5884816646576
63,30,158,300,Algoritmo Genetico Estacionario,13,True,"[9, 53, 109, 89, 117, 121, 29, 47, 9]",73,4236.3640000000005,292.5953280839895,7.4046719160105,8,91.25,21.69340753555298
